,sid,doc_id,sent_idx,passive,active
0,GUM_academic_art-21,GUM_academic_art,20,"The direction of saccades is determined by an interaction between the goals of the observer and the physical properties of the different elements of the scene (e.g. colour, texture, brightness etc).","An interaction between the goals of the observer and the physical properties of the different elements of the scene (e.g. colour, texture, brightness etc) determines the direction of saccades."
1,GUM_academic_census-23,GUM_academic_census,22,"For example, differences in recruitment and retention strategies across departments will be washed out by averaging, thereby masking any insights into the efficacy of individual strategies and policies.","For example, averaging will wash differences in recruitment and retention strategies across departments out, thereby masking any insights into the efficacy of individual strategies and policies."
2,GUM_academic_economics-10,GUM_academic_economics,9,"In other words, it is critical that economic agents believe that their property rights will not be taken away by other public or private actors [15].","In other words, it is critical that economic agents believe that other public or private actors will not take their property rights away [15]."
3,GUM_academic_epistemic-7,GUM_academic_epistemic,6,We live in an epistemic environment that is heavily and deliberately polluted by agents who use mimicry and other methods as a means of inflating their pretense to expertise.,We live in an epistemic environment that agents who use mimicry and other methods as a means of inflating their pretense to expertise heavily and deliberately pollute.
4,GUM_academic_huh-3,GUM_academic_huh,2,"Thus, the sound of the word dog in English is connected to the concept ‘dog’ by historical accident and not by any natural connection; roughly the same concept is just as well denoted in French by chien, in German by hund, and in Japanese by inu.","Thus, historical accident and not any natural connection connects the sound of the word dog in English to the concept ‘dog’; roughly the same concept is just as well denoted in French by chien, denoted in German by hund, and denoted in Japanese by inu."
5,GUM_academic_huh-17,GUM_academic_huh,16,We observe that this item fulfils a crucial need shared by all languages – the efficient signalling of problems of hearing and understanding – and we propose that its form is constrained by selective pressures in a conversational environment that is essentially the same in all languages.,We observe that this item fulfils a crucial need shared by all languages – the efficient signalling of problems of hearing and understanding – and we propose that selective pressures in a conversational environment that is essentially the same in all languages constrain its form.
6,GUM_academic_huh-21,GUM_academic_huh,20,This is followed by a repetition of the original statement by G.,A repetition of the original statement by G follows this.
7,GUM_academic_huh-23,GUM_academic_huh,22,"repair is initiated not by the speaker of the first turn but by the other participant (“other-initiated”), and the repair initiator signals that there is a problem, but it leaves open what the problem is (“open”) [11].","Not the speaker of the first turn but the other participant (“other-initiated”) initiates repair, and the repair initiator signals that there is a problem, but it leaves open what the problem is (“open”) [11]."
8,GUM_academic_lighting-38,GUM_academic_lighting,37,"In response to the aforementioned situation where the three types of lights are compared by their efficiency and effectiveness as light sources, the proponents conducted this study.","In response to the aforementioned situation where their efficiency and effectiveness as light sources compares the three types of lights, the proponents conducted this study."
9,GUM_academic_mutation-11,GUM_academic_mutation,10,The different mutants are generated automatically by the application of mutation operators.,The application of mutation operators generates the different mutants automatically.
10,GUM_academic_mutation-33,GUM_academic_mutation,32,"A Geofence is determined by a geographical location expressed in terms of latitude, longitude, and a radius around that location.","A geographical location expressed in terms of latitude, longitude, and a radius around that location determines a Geofence."
11,GUM_academic_replication-3,GUM_academic_replication,2,Replication studies are considered by many to play a fundamental role in any scientific endeavor.,Many consider replication studies to play a fundamental role in any scientific endeavor.
12,GUM_academic_replication-22,GUM_academic_replication,21,The research questions and methods of the systematic review were largely determined by the narrative review but also emerged through the design and piloting of the coding instrument.,The narrative review largely determined the research questions and methods of the systematic review but also emerged through the design and piloting of the coding instrument.
13,GUM_academic_salinity-15,GUM_academic_salinity,14,"Among these models, the small-slope approximation/small perturbation model (SSA / SPM) [18,19,20,21], two scale model (TSM) [22,23,24] and empirical/semi-empirical models [25,26] have been widely used by the research community and implemented in different satellite data processing systems.","Among these models, the research community has widely used the small-slope approximation /small perturbation model (SSA / SPM) [18,19,20,21], two scale model (TSM) [22,23,24] and empirical /semi-empirical models [25,26] and implemented in different satellite data processing systems."
14,GUM_academic_salinity-16,GUM_academic_salinity,15,"As the foam effect is significant at high wind speed conditions (above a threshold of 12 m/s) due to strong wave breaking, it has been corrected by numerous models; for example, the semi-empirical models [27,28] and radiative transfer equation (RTE) based models [29,30], which were developed to estimate the foam covered sea surface emissivity.","As the foam effect is significant at high wind speed conditions (above a threshold of 12 m /s) due to strong wave breaking, numerous models have corrected it; for example, the semi-empirical models [27,28] and radiative transfer equation (RTE) based models [29,30], which were developed to estimate the foam covered sea surface emissivity."
15,GUM_academic_salinity-23,GUM_academic_salinity,22,"Furthermore, the satellite measurements of SSS are hampered by the effect of radio frequency interference (RFI) in offshore areas of China (i.e., Bohai sea, Yellow sea and East China sea), which causes a large amount of data to be discarded [33].","Furthermore, the effect of radio frequency interference (RFI) in offshore areas of China (i.e., Bohai sea, Yellow sea and East China sea), which causes a large amount of data to be discarded hampers the satellite measurements of SSS [33]."
16,GUM_academic_theropod-9,GUM_academic_theropod,8,"Our data show that for a given CFL mass, femoral retraction can be greatly affected by the location of the CoM and limb postures.","Our data show that for a given CFL mass, the location of the CoM and limb postures can greatly affect femoral retraction."
17,GUM_academic_theropod-37,GUM_academic_theropod,36,"One caveat, however, is that our approach uses tail reduction as the mechanism for CoM displacement despite it has been recently shown that the evolutionary change in CoM position was driven instead by forelimb enlargement [8].","One caveat, however, is that our approach uses tail reduction as the mechanism for CoM displacement despite it has been recently shown that forelimb enlargement drove the evolutionary change in CoM position instead [8]."
18,GUM_academic_thrones-15,GUM_academic_thrones,14,"Readers of the book series had long anticipated and dreaded the events of the “Red Wedding”, while fans of the show unfamiliar with Martin’s narrative were largely taken unawares by the pivotal episode.","Readers of the book series had long anticipated and dreaded the events of the “Red Wedding”, while the pivotal episode largely took fans of the show unfamiliar with Martin’s narrative unawares."
19,GUM_bio_bernoulli-13,GUM_bio_bernoulli,12,"Daniel Bernoulli was described by W. W. Rouse Ball as ""by far the ablest of the younger Bernoullis"".","W. W. Rouse Ball described Daniel Bernoulli as ""by far the ablest of the younger Bernoullis""."
20,GUM_bio_bernoulli-32,GUM_bio_bernoulli,31,"This was followed by a memoir on the theory of the tides, to which, conjointly with the memoirs by Euler and Colin Maclaurin, a prize was awarded by the French Academy: these three memoirs contain all that was done on this subject between the publication of Isaac Newton's Philosophiae Naturalis Principia Mathematica and the investigations of Pierre-Simon Laplace.","A memoir on the theory of the tides, to which, conjointly with the memoirs by Euler and Colin Maclaurin, a prize was awarded by the French Academy followed this: these three memoirs contain all that was done on this subject between the publication of Isaac Newton's Philosophiae Naturalis Principia Mathematica and the investigations of Pierre-Simon Laplace."
21,GUM_bio_bernoulli-45,GUM_bio_bernoulli,44,This is exploited by the wing of an aeroplane which is designed to create an area above its surface where the air velocity increases.,The wing of an aeroplane which is designed to create an area above its surface where the air velocity increases exploits this.
22,GUM_bio_bernoulli-46,GUM_bio_bernoulli,45,"The pressure in this area is lower than that under the wing, so the wing is pushed upwards by the relatively higher pressure under the wing.","The pressure in this area is lower than that under the wing, so the relatively higher pressure under the wing pushes the wing upwards."
23,GUM_bio_chao-23,GUM_bio_chao,22,"Late in his life, he was invited by Deng Xiaoping to return to China in 1981.","Late in his life, Deng Xiaoping invited him to return to China in 1981."
24,GUM_bio_enfant-9,GUM_bio_enfant,8,L'Enfant was recruited by Pierre Augustin Caron de Beaumarchais to serve in the American Revolutionary War in the United States.,Pierre Augustin Caron de Beaumarchais recruited L'Enfant to serve in the American Revolutionary War in the United States.
25,GUM_bio_enfant-18,GUM_bio_enfant,17,"L'Enfant was promoted by brevet to Major in the Corps of Engineers on May 2, 1783, in recognition of his service to the cause of American liberty.","Brevet promoted L'Enfant to Major in the Corps of Engineers on May 2, 1783, in recognition of his service to the cause of American liberty."
26,GUM_bio_fillmore-19,GUM_bio_fillmore,18,"In 1968, he published his theory of Case Grammar (Fillmore 1968), which highlighted the fact that syntactic structure can be predicted by semantic participants.","In 1968, he published his theory of Case Grammar (Fillmore 1968), which highlighted the fact that semantic participants can predict syntactic structure."
27,GUM_bio_fillmore-33,GUM_bio_fillmore,32,"Over time, construction grammar developed into a research area of its own, and a number of variants have been proposed over the years by different researchers.","Over time, construction grammar developed into a research area of its own, and different researchers have proposed a number of variants over the years."
28,GUM_bio_galois-17,GUM_bio_galois,16,This conjecture is also supported by other letters Galois later wrote to his friends the night before he died.,Other letters Galois later wrote to his friends the night before he died also support this conjecture.
29,GUM_bio_galois-20,GUM_bio_galois,19,"Much more detailed speculation based on these scant historical details has been interpolated by many of Galois' biographers (most notably by Eric Temple Bell in Men of Mathematics), such as the frequently repeated speculation that the entire incident was stage-managed by the police and royalist factions to eliminate a political enemy. [14]","Many of Galois' biographers have interpolated much more detailed speculation based on these scant historical details, such as the frequently repeated speculation that the entire incident was stage-managed by the police and royalist factions to eliminate a political enemy (most notably interpolated by Eric Temple Bell in Men of Mathematics), such as the frequently repeated speculation that the entire incident was stage-managed by the police and royalist factions to eliminate a political enemy. [14]"
30,GUM_bio_gordon-33,GUM_bio_gordon,32,"A new full scholarly edition of Gordon's Diary in English was published by the Centre for Irish and Scottish Studies in Aberdeen (6 vols, 2009 - 2016), as well as its translation into Russian.","The Centre for Irish and Scottish Studies in Aberdeen published a new full scholarly edition of Gordon's Diary in English, as well as its translation into Russian (6 vols, 2009-2016), as well as its translation into Russian."
31,GUM_bio_hadid-5,GUM_bio_hadid,4,"In 2012, she was made a Dame by Elizabeth II for services to architecture, and in 2015 she became the first and only woman to be awarded the Royal Gold Medal from the Royal Institute of British Architects.","In 2012, Elizabeth II made her a Dame for services to architecture, and in 2015 she became the first and only woman to be awarded the Royal Gold Medal from the Royal Institute of British Architects."
32,GUM_bio_hadid-6,GUM_bio_hadid,5,"She was described by The Guardian of London as the 'Queen of the curve', who ""liberated architectural geometry, giving it a whole new expressive identity.""","The Guardian of London described her as the 'Queen of the curve', who ""liberated architectural geometry, giving it a whole new expressive identity."""
33,GUM_bio_higuchi-4,GUM_bio_higuchi,3,She wrote relatively little as a result of living a brief life — she died at 24 — but her stories had a large impact on Japanese literature and she is still appreciated by the Japanese public today.,She wrote relatively little as a result of living a brief life—she died at 24—but her stories had a large impact on Japanese literature and the Japanese public still appreciates her today.
34,GUM_bio_higuchi-18,GUM_bio_higuchi,17,"The plots were thin, there was little development of character and they were loaded down by excessive sentiment, especially when compared to what she was writing concurrently in her diary.","The plots were thin, there was little development of character and excessive sentiment loaded them down, especially when compared to what she was writing concurrently in her diary."
35,GUM_bio_higuchi-29,GUM_bio_higuchi,28,"The stories of her mature period (1894 – 96) were not only marked by her experience living near the red-light district and greater concern over the plight of women, but also by the influence of Ihara Saikaku, a 17th-century writer, whose stories she had recently discovered.","Her experience living near the red-light district and greater concern over the plight of women, but also the influence of Ihara Saikaku, a 17th-century writer, whose stories she had recently discovered not only marked the stories of her mature period (1894 – 96)."
36,GUM_bio_higuchi-35,GUM_bio_higuchi,34,"In her humble home she was visited by other writers, students of poetry, admirers, the curious, critics, and editors requesting her collaboration.","In her humble home other writers, students of poetry, admirers, the curious, critics, and editors requesting her collaboration visited her."
37,GUM_bio_holt-37,GUM_bio_holt,36,"Holt was drafted by the Pittsburgh Pirates with the club's ninth round selection in the 2009 Major League Baseball Draft, one pick before his Rice teammate Ryan Berry. [7]","The Pittsburgh Pirates drafted Holt with the club's ninth round selection in the 2009 Major League Baseball Draft, one pick before his Rice teammate Ryan Berry. [7]"
38,GUM_bio_jerome-9,GUM_bio_jerome,8,"Jerome is recognised as a saint and Doctor of the Church by the Catholic Church, the Eastern Orthodox Church, the Lutheran Church, and the Anglican Communion. [8]","The Catholic Church, the Eastern Orthodox Church, the Lutheran Church, and the Anglican Communion recognise Jerome as a saint and Doctor of the Church. [8]"
39,GUM_bio_moreau-35,GUM_bio_moreau,34,"Elevator to the Gallows (1958) with first-time director Louis Malle was followed by Malle's The Lovers (Les Amants, 1959). [7]","Malle's The Lovers (Les Amants, 1959) followed Elevator to the Gallows (1958) with first-time director Louis Malle. [7]"
40,GUM_bio_theodorus-10,GUM_bio_theodorus,9,"He was welcomed by Pachomius upon his arrival, and quickly integrated into the community at Tabennese around 328.","Pachomius welcomed him upon his arrival, and quickly integrated into the community at Tabennese around 328."
41,GUM_conversation_erasmus-82,GUM_conversation_erasmus,81,"On the other hand, we have passages of Scripture, which seem to indicate, that the will is not free, and that the –, and that man i- th- is – man is predestined by a an omnipotent sovereign will of God.","On the other hand, we have passages of Scripture, which seem to indicate, that the will is not free, and that the –, and that a an omnipotent sovereign will of God predestines man man."
42,GUM_court_carpet-20,GUM_court_carpet,19,"Uh I was called by Matthew here, to do the job for him.","Uh Matthew here called me, to do the job for him."
43,GUM_court_property-75,GUM_court_property,74,And it's our position that those specific procedures are the ones that are required by due process and not a Chapter 91 contested case here.,And it's our position that those specific procedures are the ones that due process and not a Chapter 91 contested case here requires.
44,GUM_essay_distraction-5,GUM_essay_distraction,4,"We know that our readers are distracted and sometimes even overwhelmed by the myriad distractions that lie one click away on the Internet, but of course writers face the same glorious problem: the delirious world of information and communication and community that lurks behind your screen, one alt-tab away from your word-processor.","We know that the myriad distractions that lie one click away on the Internet distract our readers and sometimes even overwhelmed, but of course writers face the same glorious problem: the delirious world of information and communication and community that lurks behind your screen, one alt-tab away from your word-processor."
45,GUM_essay_dividends-6,GUM_essay_dividends,5,"The notion has been advanced by liberals such as James Tobin, John Kenneth Galbraith, and George McGovern, and by conservatives like Friedrich Hayek, Milton Friedman, and Richard Nixon.","Liberals such as James Tobin, John Kenneth Galbraith, and George McGovern, and conservatives like Friedrich Hayek, Milton Friedman, and Richard Nixon have advanced the notion."
46,GUM_essay_dividends-50,GUM_essay_dividends,49,This value isn’t created by single individuals or corporations; it’s created collectively and hence belongs equally to all.,Single individuals or corporations do n’t create this value; it ’s created collectively and hence belongs equally to all.
47,GUM_essay_food-8,GUM_essay_food,7,"Frozen foods have long been marginalized by foodies as pale, second-rate substitutes for their fresh equivalents, but those sentiments are starting to shift.","Foodies have long marginalized frozen foods as pale, second-rate substitutes for their fresh equivalents, but those sentiments are starting to shift."
48,GUM_essay_ghost-37,GUM_essay_ghost,36,"Throughout Ghost, Major Kusanagi is plagued by doubts of who she is.","Throughout Ghost, doubts of who she is plague Major Kusanagi."
49,GUM_fiction_error-8,GUM_fiction_error,7,"For many years after her death, however, Tyler was tortured by the memory of a certain visit from her.","For many years after her death, however, the memory of a certain visit from her tortured Tyler."
50,GUM_fiction_pixies-4,GUM_fiction_pixies,3,"Jenna was in the tub, and I was doing the Times crossword, listening to the clang of the radiators and the swish of the taxis on the slush outside, when my coffee-scented reverie was broken by a loud squawk from the bathroom, and a splash, and a flesh-upon-cold-tile sort of thump.","Jenna was in the tub, and I was doing the Times crossword, listening to the clang of the radiators and the swish of the taxis on the slush outside, when a loud squawk from the bathroom, and a splash, and a flesh-upon-cold-tile sort of thump broke my coffee-scented reverie."
51,GUM_fiction_pixies-18,GUM_fiction_pixies,17,"She’d be irritated by her own wet footprints on the battered wood of the hallway floor later, but right now she had blood on her mind.","Her own wet footprints on the battered wood of the hallway floor ’d irritate her later, but right now she had blood on her mind."
52,GUM_fiction_veronique-61,GUM_fiction_veronique,60,"I dreamed that I was at the offworlder's home, where it was summer but no one was taking care of the stabros, and they were all glad, and so I was a hero - and I was startled awake by gunfire.","I dreamed that I was at the offworlder's home, where it was summer but no one was taking care of the stabros, and they were all glad, and so I was a hero-and gunfire startled me awake."
53,GUM_interview_cocktail-4,GUM_interview_cocktail,3,The beverage was inspired by the santorum neologism coined in advice columnist Dan Savage's column Savage Love in response to comments made by former Pennsylvania Senator Rick Santorum about homosexuality;,The santorum neologism coined in advice columnist Dan Savage's column Savage Love in response to comments made by former Pennsylvania Senator Rick Santorum about homosexuality inspired the beverage;
54,GUM_interview_cocktail-22,GUM_interview_cocktail,21,Rick Santorum himself has acknowledged and discussed the existence and prevalence of the santorum neologism phenomenon; he was quoted by The Canadian Press on his assessment of Google's response;,Rick Santorum himself has acknowledged and discussed the existence and prevalence of the santorum neologism phenomenon; The Canadian Press quoted him on his assessment of Google's response;
55,GUM_interview_daly-41,GUM_interview_daly,40,"What sort of difficulties were posed by the unorthodox preservatives used, and what additional work might be possible on a specimen with intact DNA?","The unorthodox preservatives used posed what sort of difficulties, and what additional work might be possible on a specimen with intact DNA?"
56,GUM_interview_messina-59,GUM_interview_messina,58,She was staggered by the loss last year to the Cardinals.,The loss last year to the Cardinals staggered her.
57,GUM_interview_messina-65,GUM_interview_messina,64,Moments like that must make you realize you have touched people who aren't normally touched by poetry.,Moments like that must make you realize you have touched people who aren't normally touched by poetry.
58,GUM_interview_peres-12,GUM_interview_peres,11,"The minute the land was replaced by science, what is there to fight about?","The minute science replaced the land, what is there to fight about?"
59,GUM_interview_shalev-6,GUM_interview_shalev,5,He was interviewed by Wikinews.,Wikinews interviewed him.
60,GUM_interview_shalev-54,GUM_interview_shalev,53,I'm a little bit inspired by dreams but when eventually I started to write more seriously I was more interested in structure which also .. a bit like mathematics in a way .. for example my first book is called Opus 1 .. a collection of four long stories with musical structures.,Dreams inspire me but when eventually I started to write more seriously I was more interested in structure which also .. a bit like mathematics in a way .. for example my first book is called Opus 1 .. a collection of four long stories with musical structures.
61,GUM_interview_stardust-48,GUM_interview_stardust,47,"Markus Landgraf has estimated the number of interstellar dust particles that should have been captured by Stardust during two periods of the ""cruise"" phase of the interplanetary orbit in which the spacecraft was moving with this wind.","Markus Landgraf has estimated the number of interstellar dust particles that Stardust should have captured during two periods of the ""cruise"" phase of the interplanetary orbit in which the spacecraft was moving with this wind."
62,GUM_letter_flood-50,GUM_letter_flood,49,Under the present law all public facilities except recreation areas will be restored by the Federal Government.,Under the present law the Federal Government will restore all public facilities except recreation areas.
63,GUM_letter_gorbachev-36,GUM_letter_gorbachev,35,"Finally, the future rent of land can more justly be claimed by future generations than by today's citizens.","Finally, future generations can more justly claim the future rent of land than today's citizens."
64,GUM_letter_roomers-8,GUM_letter_roomers,7,"Then around November Ruth had to move to a single because of bad grades- that's one thing about this room, it can really hurt your grades - she moved upstairs to the 3rd floor, where there are 3 singles so the four-room became a 3 room for a while, until January, when the 3rd floor was condemned by some shitty building inspector.","Then around November Ruth had to move to a single because of bad grades-that's one thing about this room, it can really hurt your grades-she moved upstairs to the 3rd floor, where there are 3 singles so the four-room became a 3 room for a while, until January, when some shitty building inspector condemned the 3rd floor."
65,GUM_letter_roomers-19,GUM_letter_roomers,18,"THE ONLY DANGER ABOUT AFTER LIGHTS STUDYING IS BEING REPORTED BY THE VICTOR OR PINKERTON GUARDS WHO PATROL THE CAMPUS TO PROTECT US FROM ""TOWNIES""","The VICTOR OR PINKERTON GUARDS WHO PATROL THE CAMPUS TO PROTECT US FROM ""TOWNIES"" are reporting the ONLY DANGER ABOUT AFTER LIGHTS STUDYING"
66,GUM_news_afghan-9,GUM_news_afghan,8,"The FIRST Global competition (For Inspiration and Recognition of Science and Technlogy) was founded by Dean Kamen to encourage interest in applied science, technology, engineering, and mathematics in young people.","Dean Kamen founded the FIRST Global competition (For Inspiration and Recognition of Science and Technlogy) to encourage interest in applied science, technology, engineering, and mathematics in young people."
67,GUM_news_afghan-28,GUM_news_afghan,27,Syria and all refugees are covered by the ban.,The ban covers Syria and all refugees.
68,GUM_news_clock-4,GUM_news_clock,3,"Ahmed Mohamed, a 14-year-old boy from Irving, Texas, was arrested at his school by police after he brought a digital clock he had made to school.","Police arrested Ahmed Mohamed, a 14-year-old boy from Irving, Texas, at his school after he brought a digital clock he had made to school."
69,GUM_news_crane-6,GUM_news_crane,5,"The accident, which occurred yesterday afternoon, was caused by strong winds and heavy rain that led the crane to fall.","Strong winds and heavy rain that led the crane to fall caused the accident, which occurred yesterday afternoon,."
70,GUM_news_defector-17,GUM_news_defector,16,According to Rathbun the Scientology property in question was returned by mail to the organization by Montalvo shortly after he left the Sea Org.,According to Rathbun Montalvo returned the Scientology property in question by mail to the organization shortly after he left the Sea Org.
71,GUM_news_defector-24,GUM_news_defector,23,"""Daniel was picked up by an investigator in a black car with blacked out windows.","""an investigator in a black car with blacked out windows picked Daniel up."
72,GUM_news_defector-33,GUM_news_defector,32,"Montalvo has been assisted by former members of Scientology, including musician Tiziano Lugli and actor Jason Beghe.","Former members of Scientology, including musician Tiziano Lugli and actor Jason Beghe have assisted Montalvo."
73,GUM_news_hackers-3,GUM_news_hackers,2,"Wikinews has learned that according to an Internet posting made just over 24 hours ago, the Church of Scientology's website is being attacked by hackers, causing the site to shut down.","Wikinews has learned that according to an Internet posting made just over 24 hours ago, hackers are attacking the Church of Scientology's website, causing the site to shut down."
74,GUM_news_hackers-4,GUM_news_hackers,3,"The attack was launched on Wednesday by a user labelled ""Anonymous"", on the website ""Insurgency Wiki"", a spinoff of 4chan.","A user labelled ""Anonymous"", on the website ""Insurgency Wiki"", a spinoff of 4chan launched the attack on Wednesday."
75,GUM_news_hackers-5,GUM_news_hackers,4,"The ""History"" section of the site explains, in a satirical fashion, that the incident was prompted by the Church of Scientology's attempts to remove a promotional video featuring Scientologist Tom Cruise from YouTube.","The ""History"" section of the site explains, in a satirical fashion, that the Church of Scientology's attempts to remove a promotional video featuring Scientologist Tom Cruise from YouTube prompted the incident."
76,GUM_news_lanterns-18,GUM_news_lanterns,17,Local public transportation hubs are often swamped by the event.,The event often swamps local public transportation hubs.
77,GUM_news_questionnaire-14,GUM_news_questionnaire,13,"A similar fast-track system backed by the British Red Cross in September 2021 for 3,000 Afghan refugees was reportedly rejected by Prime Minister Boris Johnson over fears it would amount to amnesty, which the Home Office today rejects, and strain the UK's welfare and housing systems.","Prime Minister Boris Johnson reportedly rejected a similar fast-track system backed by the British Red Cross in September 2021 for 3,000 Afghan refugees over fears it would amount to amnesty, which the Home Office today rejects, and strain the UK's welfare and housing systems."
78,GUM_news_soccer-25,GUM_news_soccer,24,"Panama's attempt in the 54th minute, by Michael Murillo, was saved by Thibaut Courtois.","Thibaut Courtois saved Panama's attempt in the 54th minute, by Michael Murillo,."
79,GUM_news_stampede-7,GUM_news_stampede,6,Those who were tripped were then crushed by the wave of people behind them.,The wave of people behind them then crushed those who were tripped.
80,GUM_news_taxes-10,GUM_news_taxes,9,The request was advanced by the Municipality of Livorno in 2010.,The Municipality of Livorno advanced the request in 2010.
81,GUM_news_warhol-16,GUM_news_warhol,15,"The Polaroids were all donated by the Andy Warhol Photographic Legacy Program, according to Kristen Wilkins, assistant professor of photography and curator of the exhibit.","The Andy Warhol Photographic Legacy Program all donated the Polaroids, according to Kristen Wilkins, assistant professor of photography and curator of the exhibit."
82,GUM_news_warhol-38,GUM_news_warhol,37,"""People are still intrigued by how stars live, dress and socialize, since it is so different from most people's every day lives.""","""how stars live, dress and socialize still intrigue people, since it is so different from most people's every day lives."""
83,GUM_news_warming-27,GUM_news_warming,26,"The study was supported by the Croucher Foundation, US National Science Foundation, and US National Park Service.","The Croucher Foundation, US National Science Foundation, and US National Park Service supported the study."
84,GUM_news_worship-4,GUM_news_worship,3,"Prior to the ruling, the religion was banned from conducting public worship at archeological sites by the Greek Ministry of Culture.","Prior to the ruling, the Greek Ministry of Culture baned the religion from conducting public worship at archeological sites."
85,GUM_podcast_collaboration-38,GUM_podcast_collaboration,37,Most people don't just get asked by a show's star to run their writers' room.,A show's star doesn't just ask most people to run their writers' room.
86,GUM_podcast_llms-17,GUM_podcast_llms,16,"And for pretty much all of them, the shedload of information that gets inhaled wasn't owned by the people who did the inhaling.","And for pretty much all of them, the people who did the inhaling didn't own the shedload of information that gets inhaled."
87,GUM_speech_albania-25,GUM_speech_albania,24,"The regional policy of my Government is guided by the motto: 'the more integrated in the region, the more integrated in Europe.'","The motto: 'the more integrated in the region, the more integrated in Europe.' guides the regional policy of my Government"
88,GUM_speech_data-32,GUM_speech_data,31,"It is one, single message that is collaboratively curated by everybody.","It is one, single message that everybody collaboratively curates."
89,GUM_speech_destiny-41,GUM_speech_destiny,40,We think also of our brothers and sisters who have been cut off from us by political boundaries and who unhappily can not share at present in the freedom that has come.,We think also of our brothers and sisters who have been cut off from us by political boundaries and who unhappily can not share at present in the freedom that has come.
90,GUM_speech_floyd-40,GUM_speech_floyd,39,"To the family of George Floyd that came here when the bill was being reviewed by your committee, Mr Chairman – you remember that day.","To the family of George Floyd that came here when your committee was reviewing the bill, Mr Chairman – you remember that day."
91,GUM_speech_humanitarian-7,GUM_speech_humanitarian,6,I have heard families in the South Pacific who fear their lives being swept away by rising seas; young refugees in the Middle East yearning for a return to school and home; Ebola survivors in North Kivu struggling to rebuild their lives; women demanding equality and opportunity; people of all beliefs and traditions who suffer simply because of who they are; and so many others.,I have heard families in the South Pacific who fear rising seas sweep their lives away; young refugees in the Middle East yearning for a return to school and home; Ebola survivors in North Kivu struggling to rebuild their lives; women demanding equality and opportunity; people of all beliefs and traditions who suffer simply because of who they are; and so many others.
92,GUM_speech_maiden-9,GUM_speech_maiden,8,"The hope she spoke about—the strong and happy hope— the hope we feel today, is a hope, of course, that is tempered by reality.","The hope she spoke about—the strong and happy hope—the hope we feel today, is a hope, of course, that reality tempers."
93,GUM_speech_maiden-34,GUM_speech_maiden,33,"I mention the historic nature of Vice President HARRIS’ ascendance, but let’s not forget that her successor, ALEX PADILLA, is the first Latino Senator to represent California; that RAFAEL WARNOCK, born while Georgia was represented in this Chamber by two staunch segregationists, is now the first African-American Senator Georgia has ever elected; and that JOHN OSSOFF is the first Jewish Senator from his State, sworn in today on a book of Hebrew Scripture once owned by the rabbi, who, decades ago, formed a bond between the Jewish and African-American communities of Georgia.","I mention the historic nature of Vice President HARRIS’ ascendance, but let ’s not forget that her successor, ALEX PADILLA, is the first Latino Senator to represent California; that RAFAEL WARNOCK, born while two staunch segregationists represented Georgia in this Chamber, is now the first African-American Senator Georgia has ever elected; and that JOHN OSSOFF is the first Jewish Senator from his State, sworn in today on a book of Hebrew Scripture once owned by the rabbi, who, decades ago, formed a bond between the Jewish and African-American communities of Georgia."
94,GUM_speech_remarks-7,GUM_speech_remarks,6,"I do not come from Philadelphia, and I would not interfere, but I am hopeful and confident that when we come to the Army - Navy game in a month from now, we will be greeted by the new mayor of Philadelphia, Mayor Tale.","I do not come from Philadelphia, and I would not interfere, but I am hopeful and confident that when we come to the Army-Navy game in a month from now, the new mayor of Philadelphia, Mayor Tale will greet us."
95,GUM_speech_telescope-23,GUM_speech_telescope,22,This was made possible by partnership among nations.,Partnership among nations made this possible.
96,GUM_speech_telescope-58,GUM_speech_telescope,57,America is defined by one single word: possibilities.,One single word: possibilities defines America.
97,GUM_textbook_anthropology-48,GUM_textbook_anthropology,47,"Growing up, your everyday habits, activities, and expectations would have been shaped by the setup of that home.","Growing up, the setup of that home would have shaped your everyday habits, activities, and expectations."
98,GUM_textbook_artwork-26,GUM_textbook_artwork,25,"For instance, the evolutionary theory regards artistic beauty as “fitness signal” that displays desirable personal qualities that strengthen reproductive advantage, and our pleasant feeling caused by something beautiful, like sexual pleasure, is engraved in our minds by the process of evolution, assisting us to make the “the most adaptive decisions for survival and reproduction.” [41]","For instance, the evolutionary theory regards artistic beauty as “fitness signal” that displays desirable personal qualities that strengthen reproductive advantage, and the process of evolution engraves our pleasant feeling caused by something beautiful, like sexual pleasure, in our minds, assisting us to make the “the most adaptive decisions for survival and reproduction.” [41]"
99,GUM_textbook_cognition-32,GUM_textbook_cognition,31,"Sensations and information are received by our brains, filtered through emotions and memories, and processed to become thoughts.","Our brains receive sensations and information, filtered through emotions and memories, and processed to become thoughts."
100,GUM_textbook_cognition-38,GUM_textbook_cognition,37,"Concepts are informed by our semantic memory (you will learn more about semantic memory in a later chapter) and are present in every aspect of our lives; however, one of the easiest places to notice concepts is inside a classroom, where they are discussed explicitly.","Our semantic memory informs concepts (you will learn more about semantic memory in a later chapter) and are present in every aspect of our lives; however, one of the easiest places to notice concepts is inside a classroom, where they are discussed explicitly."
101,GUM_textbook_cognition-45,GUM_textbook_cognition,44,"Some concepts, like tolerance, are agreed upon by many people, because they have been used in various ways over many years.","Many people agree some concepts, like tolerance, upon, because they have been used in various ways over many years."
102,GUM_textbook_entrepreneurship-26,GUM_textbook_entrepreneurship,25,"The innovator’s dilemma was presented by Clayton Christensen to explain disruptive technology, which are technologies that, once introduced, displace established patterns, processes, and systems previously accepted as normal or accepted.","Clayton Christensen presented the innovator’s dilemma to explain disruptive technology, which are technologies that, once introduced, displace established patterns, processes, and systems previously accepted as normal or accepted."
103,GUM_textbook_evoethics-7,GUM_textbook_evoethics,6,"We seem to think moral questions have correct answers; that the correct answers are made correct by objective moral facts; that moral facts are wholly determined by circumstances; and that, by engaging in moral conversation and argument, we can discover what these objective facts are.","We seem to think moral questions have correct answers; that objective moral facts make the correct answers correct; that moral facts are wholly determined by circumstances; and that, by engaging in moral conversation and argument, we can discover what these objective facts are."
104,GUM_textbook_evoethics-18,GUM_textbook_evoethics,17,Street starts with the premise that our moral judgments are influenced by evolutionary forces.,Street starts with the premise that evolutionary forces influence our moral judgments.
105,GUM_textbook_evoethics-41,GUM_textbook_evoethics,40,"Given that our moral beliefs are influenced by evolutionary forces, and not by the moral facts, our moral beliefs would be the same even if the moral facts would change.","Given that evolutionary forces, and not the moral facts influence our moral beliefs, our moral beliefs would be the same even if the moral facts would change."
106,GUM_textbook_grit-24,GUM_textbook_grit,23,This personality trait was defined as “grit” by the psychologist Angela Duckworth. 1,The psychologist Angela Duckworth defined this personality trait as “grit”. 1
107,GUM_textbook_sociology-23,GUM_textbook_sociology,22,"Europe’s colonial expansion, begun in the sixteenth century, was often accompanied by a severe cultural imperialism.","A severe cultural imperialism often accompanied Europe’s colonial expansion, begun in the sixteenth century,."
108,GUM_textbook_sociology-29,GUM_textbook_sociology,28,An exchange student from China might be annoyed by the constant interruptions in class as other students ask questions—a practice that is considered rude in China.,The constant interruptions in class as other students ask questions—a practice that is considered rude in China might annoy an exchange student from China.
109,GUM_textbook_spacetime-6,GUM_textbook_spacetime,5,Is light actually bent from its straight-line path by the mass of Earth?,Is the mass of Earth actually bends light from its straight-line path?
110,GUM_textbook_spacetime-7,GUM_textbook_spacetime,6,"How can light, which has no mass, be affected by gravity?","How can gravity affect light, which has no mass,?"
111,GUM_textbook_spacetime-8,GUM_textbook_spacetime,7,"Einstein preferred to think that it is space and time that are affected by the presence of a large mass; light beams, and everything else that travels through space and time, then find their paths affected.","Einstein preferred to think that it is space and time that the presence of a large mass affects; light beams, and everything else that travels through space and time, then find their paths affected."
112,GUM_vlog_pizzeria-109,GUM_vlog_pizzeria,108,"I love how they're, like, mesmerized by the pizza.",I love how the pizza mesmerizes them.
113,GUM_vlog_wine-33,GUM_vlog_wine,32,It was discovered in the year of 1925 by a professor called Abraham Perold in the University of Stellenbosch.,A professor called Abraham Perold discovered it in the year of 1925 in the University of Stellenbosch.
114,GUM_voyage_cleveland-18,GUM_voyage_cleveland,17,"Serving as a global model for urban rebirth, Cleveland has been named one of the top 10 international visitor hotspots by Travel and Leisure magazine.","Serving as a global model for urban rebirth, Travel and Leisure magazine has named Cleveland one of the top 10 international visitor hotspots."
115,GUM_voyage_fortlee-15,GUM_voyage_fortlee,14,"Fort Lee is bordered by Edgewater, Englewood Cliffs, Cliffside Park and Leonia.","Edgewater, Englewood Cliffs, Cliffside Park and Leonia border Fort Lee."
116,GUM_voyage_fortlee-22,GUM_voyage_fortlee,21,Fort Lee can also be accessed by boat or ferry from New York City via Edgewater and Weehawken docks.,Boat or ferry can also access Fort Lee from New York City via Edgewater and Weehawken docks.
117,GUM_voyage_fortlee-26,GUM_voyage_fortlee,25,"Old and new meet in Fort Lee, as the Good Shepherd Episcopalian Church is dwarfed by a residential highrise immediately behind it","Old and new meet in Fort Lee, as a residential highrise dwarfs the Good Shepherd Episcopalian Church immediately behind it"
118,GUM_voyage_fortlee-43,GUM_voyage_fortlee,42,The George Washington Bridge can be crossed by bicycle or on foot as well as in a motorized vehicle.,Bicycle or on foot as well as in a motorized vehicle can cross the George Washington Bridge.
119,GUM_voyage_guadeloupe-36,GUM_voyage_guadeloupe,35,"Some are within 5 – 10 minutes walking distance from the nearest parking lot, some require at least 3 – 4 hours of hiking (those are, of course less frequented by other tourists and you might find yourself alone at a spectacular waterfall in the middle of nowhere - an amazing experience!).","Some are within 5 – 10 minutes walking distance from the nearest parking lot, some require at least 3 – 4 hours of hiking (other tourists less frequent those and you might find yourself alone at a spectacular waterfall in the middle of nowhere-an amazing experience!)."
120,GUM_voyage_isfahan-29,GUM_voyage_isfahan,28,The square is surrounded by buildings from the Safavid era.,Buildings from the Safavid era surround the square.
121,GUM_voyage_lodz-16,GUM_voyage_lodz,15,The rapid development of Łódź in the second half of the 19th century was brought about by the rise of enormous industrialist fortunes.,The rise of enormous industrialist fortunes brought the rapid development of Łódź in the second half of the 19th century about.
122,GUM_voyage_lodz-22,GUM_voyage_lodz,21,"The day before the outbreak of World War II, Łódź was inhabited by approximately 672,000 people, among whom 35% were of Jewish faith and some 15% were ethnic German.","The day before the outbreak of World War II, approximately 672,000 people, among whom 35% were of Jewish faith and some 15% were ethnic German inhabited Łódź."
123,GUM_voyage_merida-13,GUM_voyage_merida,12,The city was founded by the Spanish conquistadors in the 1540s on top of a centuries-old Maya city called T'ho.,The Spanish conquistadors in the 1540s founded the city on top of a centuries-old Maya city called T'ho.
124,GUM_voyage_phoenix-11,GUM_voyage_phoenix,10,The Salt and Verde Rivers of central Arizona were exploited for large-scale agriculture by Native Americans as early as the 11th century.,Native Americans exploited the Salt and Verde Rivers of central Arizona for large-scale agriculture as early as the 11th century.
125,GUM_voyage_socotra-43,GUM_voyage_socotra,42,"Although the region is small, it is characterized by unique land and marine biodiversity.","Although the region is small, unique land and marine biodiversity characterizes it."
126,GUM_voyage_socotra-44,GUM_voyage_socotra,43,The interior of the island is dominated by the beautiful and green Hagghier mountains and limestone plateau.,The beautiful and green Hagghier mountains and limestone plateau dominate the interior of the island.
127,GUM_voyage_sydfynske-5,GUM_voyage_sydfynske,4,"The islands were formed during the last ice age, by ice sliding over the area from the south, only the ancient hilltops was spared from submersion, and forms the many islands and islets peaking above the sea everywhere.",", ice sliding over the area from the south, only the ancient hilltops was spared from submersion, and forms the many islands and islets peaking above the sea everywhere formed the islands during the last ice age."
128,GUM_voyage_sydfynske-17,GUM_voyage_sydfynske,16,"The main entry points are Svendborg which is easily reach both by highway, bus and train - and Faaborg, which is best reached by bus from Odense.","The main entry points are Svendborg which both highway, bus and train easily reaches-and Faaborg, which is best reached by bus from Odense."
129,GUM_voyage_sydfynske-23,GUM_voyage_sydfynske,22,"While some islands are connected by the same ferry, you will generally have to go back to the mainland to pass between the islands, if you rely on public transportation.","While the same ferry connects some islands, you will generally have to go back to the mainland to pass between the islands, if you rely on public transportation."
130,GUM_voyage_thailand-24,GUM_voyage_thailand,23,shorts are primarily worn by laborers and schoolchildren.,Laborers and schoolchildren primarily wear shorts.
131,GUM_voyage_thailand-47,GUM_voyage_thailand,46,Monks will sometimes be aided by a layman who will accept things from women merit-makers on their behalf.,A layman who will accept things from women merit-makers on their behalf will sometimes aid monks.
132,GUM_voyage_tulsa-15,GUM_voyage_tulsa,14,"Tulsa has one of the largest concentrations of Art Deco in the nation, having been a booming city during the 1920s when the architecture was first built by rich oil barons who built stately mansions and turned the Downtown area into a treasure trove of art.","Tulsa has one of the largest concentrations of Art Deco in the nation, having been a booming city during the 1920s when rich oil barons who built stately mansions and turned the Downtown area into a treasure trove of art first builded the architecture."
133,GUM_voyage_tulsa-49,GUM_voyage_tulsa,48,North / South is divided by Admiral Blvd.,Admiral Blvd divide North / South.
134,GUM_voyage_york-8,GUM_voyage_york,7,"York was known as Eboracum by the Romans, who founded the fortress city on the River Ouse in the year 71.","The Romans, who founded the fortress city on the River Ouse in the year 71 knew York as Eboracum."
135,GUM_whow_arrogant-48,GUM_whow_arrogant,47,"When they are cruel, their friends will usually ignore it or not do anything to stop it since they're afraid that they'll be treated badly by their 'friend.'","When they are cruel, their friends will usually ignore it or not do anything to stop it since they're afraid that their 'friend.''ll treat them badly"
136,GUM_whow_basil-17,GUM_whow_basil,16,"Basil needs warm air and sun to do well, so it's often easiest to start the seeds indoors instead of risking that they'll get damaged by frost.","Basil needs warm air and sun to do well, so it's often easiest to start the seeds indoors instead of risking that frost'll damage them."
137,GUM_whow_parachute-37,GUM_whow_parachute,36,"Your reserve chute should have been packed by a certified rigger and is moderately less likely to fail; therefore, it may be helpful to focus your efforts on opening your reserve parachute.","A certified rigger should have packed your reserve chute and is moderately less likely to fail; therefore, it may be helpful to focus your efforts on opening your reserve parachute."
138,GUM_whow_quidditch-41,GUM_whow_quidditch,40,Alternatively the snitch can be a small yellow ball (tennis balls work great) that is hidden before the game starts by a bystander or referee.,Alternatively the snitch can be a small yellow ball (tennis balls work great) that a bystander or referee hides before the game starts.
